Name,Affiliation,Score,Avg. Velocity,Last Throw ParabParam,Reference Throw,Jitter
,0,0,0,0,0,0
Sean,1,2,-0.33333334,0.001970416,0,0.9455503
Me,2,4,2.3333333,0.002189698,1,1.0335666
Who?,3,3,0.5904762,0.00203065,0,0.8839078
Lara,1,1,1.2571429,0.001915412,0,0.9538569
Next,2,6,1.53,0.0017,0,0.96
Next2,1,7,1.98,0.0018,0,0.97
Next3,2,1,1.5,0.00188,0,0.99
Next4,3,3,1.6,0.00189,0,0.97
Next5,3,1,1.4,0.0016,0,0.98
Next6,1,0,1.8,0.0023,0,1.1
Next7,3,4,1.2,0.0022,0,1.06
